"from","to","col","width"
"driver_12","driver_1","#876b40",0.25
"beneficiary_1","driver_11","#876b40",0.25
"species_30","species_3","#876b40",0.25
"manager_7","species_22","#876b40",0.25
"species_11","manager_8","#876b40",0.25
"beneficiary_5","species_12","#876b40",0.25
"beneficiary_4","beneficiary_5","#876b40",0.25
"species_17","driver_13","#876b40",0.25
"beneficiary_4","action_6","#876b40",0.25
"beneficiary_8","driver_15","#876b40",0.25
"manager_2","species_24","#876b40",0.25
"species_1","beneficiary_5","#876b40",0.25
"manager_4","action_8","#876b40",0.25
"driver_3","species_14","#876b40",0.25
"manager_5","species_17","#876b40",0.25
"manager_6","species_10","#876b40",0.25
"manager_1","species_17","#876b40",0.25
"driver_15","manager_6","#876b40",0.25
"action_8","species_6","#876b40",0.25
"beneficiary_6","beneficiary_1","#876b40",0.25
"species_23","action_8","#876b40",0.25
"manager_2","species_14","#876b40",0.25
"driver_2","beneficiary_1","#876b40",0.25
"driver_1","driver_15","#876b40",0.25
"species_19","driver_6","#876b40",0.25
"action_5","manager_7","#876b40",0.25
"driver_6","beneficiary_9","#876b40",0.25
"manager_8","manager_4","#876b40",0.25
"species_17","species_23","#876b40",0.25
"species_1","driver_12","#876b40",0.25
"driver_1","driver_11","#876b40",0.25
"beneficiary_9","action_8","#876b40",0.25
"species_27","species_29","#876b40",0.25
"species_7","species_29","#876b40",0.25
"species_6","driver_7","#876b40",0.25
"beneficiary_8","manager_8","#876b40",0.25
"manager_2","action_2","#876b40",0.25
"beneficiary_9","manager_6","#876b40",0.25
"driver_10","species_11","#876b40",0.25
"species_1","driver_15","#876b40",0.25
"species_14","species_25","#876b40",0.25
"beneficiary_2","beneficiary_6","#876b40",0.25
"driver_11","manager_1","#876b40",0.25
"driver_11","species_6","#876b40",0.25
"beneficiary_6","driver_2","#876b40",0.25
"driver_1","species_6","#876b40",0.25
"action_1","manager_5","#876b40",0.25
"driver_4","beneficiary_2","#876b40",0.25
"species_20","species_12","#876b40",0.25
"manager_6","manager_4","#876b40",0.25
"species_4","species_16","#876b40",0.25
"driver_14","action_3","#876b40",0.25
"action_6","driver_12","#876b40",0.25
"action_1","species_11","#876b40",0.25
"species_14","driver_12","#876b40",0.25
"species_19","species_18","#876b40",0.25
"driver_1","beneficiary_2","#876b40",0.25
"manager_2","species_2","#876b40",0.25
"species_10","beneficiary_2","#876b40",0.25
"species_22","species_15","#876b40",0.25
"driver_7","species_28","#876b40",0.25
"species_20","driver_13","#876b40",0.25
"species_5","species_16","#876b40",0.25
"beneficiary_7","action_8","#876b40",0.25
"manager_4","driver_4","#876b40",0.25
"action_7","driver_12","#876b40",0.25
"driver_8","action_2","#876b40",0.25
"species_10","species_20","#876b40",0.25
"species_19","manager_2","#876b40",0.25
"manager_3","species_19","#876b40",0.25
"species_27","manager_2","#876b40",0.25
"driver_6","species_23","#876b40",0.25
"action_7","driver_7","#876b40",0.25
"driver_13","species_4","#876b40",0.25
"driver_13","beneficiary_1","#876b40",0.25
"species_17","beneficiary_2","#876b40",0.25
"action_9","species_7","#876b40",0.25
"species_14","action_6","#876b40",0.25
"species_24","species_13","#876b40",0.25
"species_13","driver_9","#876b40",0.25
"driver_15","species_3","#876b40",0.25
"action_1","species_16","#876b40",0.25
"species_10","manager_1","#876b40",0.25
"species_9","driver_12","#876b40",0.25
"species_6","driver_11","#876b40",0.25
"species_15","manager_8","#876b40",0.25
"driver_6","species_30","#876b40",0.25
"action_5","species_26","#876b40",0.25
"species_22","manager_3","#876b40",0.25
"species_30","action_9","#876b40",0.25
"species_5","manager_5","#876b40",0.25
"species_14","driver_1","#876b40",0.25
"manager_2","species_13","#876b40",0.25
"manager_6","beneficiary_2","#876b40",0.25
"species_23","species_15","#876b40",0.25
"action_4","driver_10","#876b40",0.25
"species_16","driver_11","#876b40",0.25
"manager_7","species_1","#876b40",0.25
"action_7","driver_2","#876b40",0.25
"driver_15","driver_13","#876b40",0.25
"manager_4","species_5","#876b40",0.25
"species_30","driver_9","#876b40",0.25
"species_20","species_30","#876b40",0.25
"species_17","species_3","#876b40",0.25
"action_9","manager_9","#876b40",0.25
"manager_4","manager_2","#876b40",0.25
"species_18","action_7","#876b40",0.25
"beneficiary_7","beneficiary_1","#876b40",0.25
"beneficiary_4","driver_8","#876b40",0.25
"species_2","driver_10","#876b40",0.25
"species_23","species_12","#876b40",0.25
"species_2","species_29","#876b40",0.25
"species_15","action_2","#876b40",0.25
"manager_2","species_4","#876b40",0.25
"species_8","species_19","#876b40",0.25
"manager_9","species_7","#876b40",0.25
"species_29","driver_10","#876b40",0.25
"action_6","beneficiary_1","#876b40",0.25
"driver_6","species_11","#876b40",0.25
"manager_7","species_10","#876b40",0.25
"manager_3","beneficiary_6","#876b40",0.25
"species_16","species_6","#876b40",0.25
"species_4","driver_8","#876b40",0.25
"manager_8","manager_1","#876b40",0.25
"manager_1","driver_7","#876b40",0.25
"driver_4","species_29","#876b40",0.25
"action_8","species_22","#876b40",0.25
"species_6","driver_10","#876b40",0.25
"beneficiary_8","species_6","#876b40",0.25
"species_12","driver_4","#876b40",0.25
"beneficiary_7","species_3","#876b40",0.25
"action_8","action_5","#876b40",0.25
"species_9","species_26","#876b40",0.25
"manager_5","species_9","#876b40",0.25
"beneficiary_6","species_18","#876b40",0.25
"species_30","driver_11","#876b40",0.25
"species_30","beneficiary_6","#876b40",0.25
"beneficiary_4","species_22","#876b40",0.25
"species_8","beneficiary_1","#876b40",0.25
"species_13","action_5","#876b40",0.25
"manager_4","manager_9","#876b40",0.25
"species_17","species_25","#876b40",0.25
"beneficiary_1","driver_4","#876b40",0.25
"species_30","species_28","#876b40",0.25
"action_8","species_17","#876b40",0.25
"species_5","driver_11","#876b40",0.25
"driver_5","species_23","#876b40",0.25
"driver_13","driver_1","#876b40",0.25
"species_16","driver_3","#876b40",0.25
"action_6","beneficiary_6","#876b40",0.25
"species_3","driver_2","#876b40",0.25
"beneficiary_1","species_1","#876b40",0.25
"species_16","driver_7","#876b40",0.25
"species_12","driver_5","#876b40",0.25
"species_5","species_26","#876b40",0.25
"species_21","manager_1","#876b40",0.25
"manager_4","species_20","#876b40",0.25
"manager_7","driver_9","#876b40",0.25
"beneficiary_7","species_9","#876b40",0.25
"species_27","species_14","#876b40",0.25
"driver_6","beneficiary_3","#876b40",0.25
"species_7","manager_8","#876b40",0.25
"action_5","beneficiary_3","#876b40",0.25
"species_22","species_25","#876b40",0.25
"manager_4","species_28","#876b40",0.25
"driver_4","action_8","#876b40",0.25
"driver_15","driver_2","#876b40",0.25
"beneficiary_2","manager_3","#876b40",0.25
"species_8","species_25","#876b40",0.25
"beneficiary_4","beneficiary_9","#876b40",0.25
"beneficiary_1","species_20","#876b40",0.25
"beneficiary_5","species_14","#876b40",0.25
"action_4","manager_7","#876b40",0.25
"beneficiary_6","manager_4","#876b40",0.25
"driver_5","driver_1","#876b40",0.25
"species_29","species_21","#876b40",0.25
"beneficiary_9","beneficiary_6","#876b40",0.25
"driver_1","species_20","#876b40",0.25
"driver_15","manager_4","#876b40",0.25
"species_27","action_4","#876b40",0.25
"driver_10","species_2","#876b40",0.25
"driver_13","species_17","#876b40",0.25
"driver_11","driver_7","#876b40",0.25
"species_14","species_18","#876b40",0.25
"species_26","driver_13","#876b40",0.25
"beneficiary_5","driver_13","#876b40",0.25
"driver_4","action_7","#876b40",0.25
"species_13","driver_6","#876b40",0.25
"species_23","driver_13","#876b40",0.25
"beneficiary_2","species_5","#876b40",0.25
"species_10","driver_11","#876b40",0.25
"species_10","manager_3","#876b40",0.25
"species_21","species_15","#876b40",0.25
"beneficiary_3","species_22","#876b40",0.25
"species_20","beneficiary_1","#876b40",0.25
"action_8","species_9","#876b40",0.25
"manager_8","species_6","#876b40",0.25
"driver_7","driver_12","#876b40",0.25
"species_25","beneficiary_1","#876b40",0.25
"species_26","species_21","#876b40",0.25
"action_7","species_11","#876b40",0.25
"beneficiary_9","species_18","#876b40",0.25
"species_19","species_26","#876b40",0.25
"driver_12","driver_3","#876b40",0.25
"species_8","beneficiary_9","#876b40",0.25
"manager_9","species_4","#876b40",0.25
"species_19","driver_7","#876b40",0.25
"species_10","species_25","#876b40",0.25
"driver_13","species_30","#876b40",0.25
"beneficiary_3","manager_5","#876b40",0.25
"species_23","manager_2","#876b40",0.25
"driver_14","manager_1","#876b40",0.25
"species_25","driver_3","#876b40",0.25
"driver_13","species_11","#876b40",0.25
"species_9","species_13","#876b40",0.25
"species_24","driver_1","#876b40",0.25
"species_2","manager_4","#876b40",0.25
"action_9","manager_3","#876b40",0.25
"manager_1","driver_15","#876b40",0.25
"species_3","species_13","#876b40",0.25
"species_1","beneficiary_9","#876b40",0.25
"species_29","species_23","#876b40",0.25
"species_22","manager_1","#876b40",0.25
"species_26","manager_9","#876b40",0.25
"manager_3","manager_4","#876b40",0.25
"species_4","beneficiary_8","#876b40",0.25
"species_27","species_21","#876b40",0.25
"beneficiary_9","species_9","#876b40",0.25
"driver_8","species_6","#876b40",0.25
"species_27","manager_6","#876b40",0.25
"beneficiary_1","manager_1","#876b40",0.25
"beneficiary_3","beneficiary_1","#876b40",0.25
"action_7","action_6","#876b40",0.25
"species_25","species_7","#876b40",0.25
"species_29","action_4","#876b40",0.25
"driver_3","species_8","#876b40",0.25
"driver_2","driver_14","#876b40",0.25
"driver_5","driver_14","#876b40",0.25
"action_9","species_27","#876b40",0.25
"action_8","manager_9","#876b40",0.25
"manager_9","action_1","#876b40",0.25
"manager_6","species_6","#876b40",0.25
"species_19","beneficiary_8","#876b40",0.25
"driver_13","driver_5","#876b40",0.25
"species_27","species_25","#876b40",0.25
"manager_1","action_3","#876b40",0.25
"driver_8","driver_4","#876b40",0.25
"species_3","species_21","#876b40",0.25
"action_3","species_27","#876b40",0.25
"driver_15","manager_3","#876b40",0.25
"species_1","manager_6","#876b40",0.25
"manager_1","manager_4","#876b40",0.25
"driver_1","species_17","#876b40",0.25
"species_1","species_30","#876b40",0.25
"driver_9","driver_2","#876b40",0.25
"action_1","manager_1","#876b40",0.25
"action_6","manager_5","#876b40",0.25
"manager_1","driver_12","#876b40",0.25
"species_22","species_13","#876b40",0.25
"species_24","driver_8","#876b40",0.25
"action_3","action_9","#876b40",0.25
"driver_10","driver_5","#876b40",0.25
"action_8","species_4","#876b40",0.25
"driver_3","manager_5","#876b40",0.25
"species_9","manager_4","#876b40",0.25
"species_26","action_7","#876b40",0.25
"species_9","manager_7","#876b40",0.25
"driver_13","species_28","#876b40",0.25
"species_9","action_5","#876b40",0.25
"species_23","species_30","#876b40",0.25
"species_27","species_16","#876b40",0.25
"action_4","action_2","#876b40",0.25
"action_5","beneficiary_7","#876b40",0.25
"driver_12","manager_4","#876b40",0.25
"action_3","driver_5","#876b40",0.25
"species_4","manager_5","#876b40",0.25
"species_12","driver_12","#876b40",0.25
"action_2","manager_1","#876b40",0.25
"action_9","driver_4","#876b40",0.25
"species_5","manager_3","#876b40",0.25
"species_1","species_26","#876b40",0.25
"driver_7","driver_14","#876b40",0.25
"driver_8","species_7","#876b40",0.25
"species_16","manager_8","#876b40",0.25
"species_20","manager_8","#876b40",0.25
"species_7","manager_3","#876b40",0.25
"species_5","manager_1","#876b40",0.25
"driver_2","beneficiary_8","#876b40",0.25
"species_4","manager_2","#876b40",0.25
